[
    {
		"site_name": "Clonmacken Link Road",
		"lat": "52.664",
		"lng": "-8.67427"
	},
	{
		"site_name": "Dublin Tunnel",
		"lat": "53.3547",
		"lng": "-6.2239"
	},
	{
		"site_name": "Limerick Tunnel South",
		"lat": "52.6505",
		"lng": "-8.67961"
	},
	{
		"site_name": "M1 Balbriggan",
		"lat": "53.6306",
		"lng": "-6.25021"
	},
	{
		"site_name": "M1 Braganstown",
		"lat": "53.8911",
		"lng": "-6.42612"
	},
	{
		"site_name": "M1 Drogheda Bypass",
		"lat": "53.7211",
		"lng": "-6.39723"
	},
	{
		"site_name": "M1 Dromad",
		"lat": "54.0895",
		"lng": "-6.35837"
	},
	{
		"site_name": "M1 Dublin Airport",
		"lat": "53.408",
		"lng": "-6.22899"
	},
	{
		"site_name": "M11 Bray Bypass",
		"lat": "53.215",
		"lng": "-6.12601"
	},
	{
		"site_name": "M11 Knockrathkyle",
		"lat": "52.4688",
		"lng": "-6.5299"
	},
	{
		"site_name": "M11 Westbrook",
		"lat": "52.9666",
		"lng": "-6.0965"
	},
	{
		"site_name": "M17 Athenry",
		"lat": "53.3144",
		"lng": "-8.79972"
	},
	{
		"site_name": "M18 Cloneen",
		"lat": "52.9444",
		"lng": "-8.90484"
	},
	{
		"site_name": "M18 Crusheen",
		"lat": "52.926",
		"lng": "-8.915"
	},
	{
		"site_name": "M2 Ashbourne",
		"lat": "53.5027",
		"lng": "-6.41843"
	},
	{
		"site_name": "M3 Kilcarn",
		"lat": "53.6171",
		"lng": "-6.67404"
	},
	{
		"site_name": "M4 Enfield",
		"lat": "53.405",
		"lng": "-6.82961"
	},
	{
		"site_name": "M4 Maynooth",
		"lat": "53.3747",
		"lng": "-6.62612"
	},
	{
		"site_name": "M50 Ballymount",
		"lat": "53.3134",
		"lng": "-6.36321"
	},
	{
		"site_name": "M50 Blanchardstown",
		"lat": "53.373",
		"lng": "-6.373"
	},
	{
		"site_name": "M50 Dublin Airport",
		"lat": "53.4092",
		"lng": "-6.22807"
	},
	{
		"site_name": "M50 Leopardstown",
		"lat": "53.2653",
		"lng": "-6.1986"
	},
	{
		"site_name": "M50 Sandyford",
		"lat": "53.267",
		"lng": "-6.253"
	},
	{
		"site_name": "M6 Athlone Bypass",
		"lat": "53.4174",
		"lng": "-7.9855"
	},
	{
		"site_name": "M6 Glennascaul",
		"lat": "53.2953",
		"lng": "-8.9255"
	},
	{
		"site_name": "M6 Miltown Pass",
		"lat": "53.4319",
		"lng": "-7.21944"
	},
	{
		"site_name": "M6 West Ballinasloe",
		"lat": "53.3154",
		"lng": "-8.24582"
	},
	{
		"site_name": "M7 Birdhill",
		"lat": "52.7604",
		"lng": "-8.40091"
	},
	{
		"site_name": "M7 Kildare",
		"lat": "53.1547",
		"lng": "-6.9526"
	},
	{
		"site_name": "M7 Mountrath",
		"lat": "52.9987",
		"lng": "-7.3969"
	},
	{
		"site_name": "M7 Nenagh",
		"lat": "52.8483",
		"lng": "-8.17013"
	},
	{
		"site_name": "M7 Newbridge Bypass",
		"lat": "53.1838",
		"lng": "-6.73514"
	},
	{
		"site_name": "M7 Portlaoise Bypass",
		"lat": "53.0137",
		"lng": "-7.28022"
	},
	{
		"site_name": "M7 Rathnavogue",
		"lat": "52.9094",
		"lng": "-7.85719"
	},
	{
		"site_name": "M8 Cahir",
		"lat": "52.3551",
		"lng": "-8.00091"
	},
	{
		"site_name": "M8 Corrin Interchange",
		"lat": "52.1158",
		"lng": "-8.27263"
	},
	{
		"site_name": "M8 Mitchelstown NE",
		"lat": "52.27",
		"lng": "-8.24001"
	},
	{
		"site_name": "M8 Toll Plaza",
		"lat": "52.0275",
		"lng": "-8.32806"
	},
	{
		"site_name": "M9 Carlow",
		"lat": "52.847",
		"lng": "-6.842"
	},
	{
		"site_name": "M9 Gowran",
		"lat": "52.6417",
		"lng": "-7.11222"
	},
	{
		"site_name": "M9 Killcullen",
		"lat": "53.1057",
		"lng": "-6.74887"
	},
	{
		"site_name": "M9 Mullinavat",
		"lat": "52.3673",
		"lng": "-7.16532"
	},
	{
		"site_name": "N10 Kilkenny",
		"lat": "52.6104",
		"lng": "-7.24451"
	},
	{
		"site_name": "N11 Arklow Bypass",
		"lat": "52.782",
		"lng": "-6.17601"
	},
	{
		"site_name": "N11 Enniscorthy",
		"lat": "52.5202",
		"lng": "-6.56437"
	},
	{
		"site_name": "N11 Glen of the Downs",
		"lat": "53.1401",
		"lng": "-6.1234"
	},
	{
		"site_name": "N13 Grianan Of Aileach",
		"lat": "55.043",
		"lng": "-7.40632"
	},
	{
		"site_name": "N15 Bundoran",
		"lat": "54.4673",
		"lng": "-8.33233"
	},
	{
		"site_name": "N15 Kilygordon",
		"lat": "54.7979",
		"lng": "-7.67736"
	},
	{
		"site_name": "N15 Lough Mourne",
		"lat": "54.7543",
		"lng": "-7.90757"
	},
	{
		"site_name": "N16 Glencar",
		"lat": "54.3161",
		"lng": "-8.27773"
	},
	{
		"site_name": "N17 Knock",
		"lat": "53.9178",
		"lng": "-8.7889"
	},
	{
		"site_name": "N17 Tuam",
		"lat": "53.578",
		"lng": "-8.84801"
	},
	{
		"site_name": "N18 Bunratty",
		"lat": "52.7094",
		"lng": "-8.83666"
	},
	{
		"site_name": "N2 Cloghan",
		"lat": "54.1642",
		"lng": "-6.80723"
	},
	{
		"site_name": "N2 Emyvale",
		"lat": "54.35",
		"lng": "-6.964"
	},
	{
		"site_name": "N2 Funshog",
		"lat": "53.8167",
		"lng": "-6.5051"
	},
	{
		"site_name": "N2 Reaghstown",
		"lat": "53.9297",
		"lng": "-6.64806"
	},
	{
		"site_name": "N20 Charleville",
		"lat": "52.285",
		"lng": "-8.67901"
	},
	{
		"site_name": "N20 Rathduff",
		"lat": "52.0244",
		"lng": "-8.59573"
	},
	{
		"site_name": "N21 Abbeyfeale",
		"lat": "52.364",
		"lng": "-9.32501"
	},
	{
		"site_name": "N21 Rathkeale Bypass",
		"lat": "52.529",
		"lng": "-8.895"
	},
	{
		"site_name": "N22 Ballyvourney",
		"lat": "51.9567",
		"lng": "-9.19056"
	},
	{
		"site_name": "N22 Killarney",
		"lat": "52.015",
		"lng": "-9.37202"
	},
	{
		"site_name": "N22 Macroom",
		"lat": "51.8613",
		"lng": "-8.7847"
	},
	{
		"site_name": "N24 Clonmel Relief Rd",
		"lat": "52.3659",
		"lng": "-7.7174"
	},
	{
		"site_name": "N24 Pallas Grean",
		"lat": "52.5745",
		"lng": "-8.3515"
	},
	{
		"site_name": "N25 Dungarvan",
		"lat": "52.073",
		"lng": "-7.64101"
	},
	{
		"site_name": "N25 Kilmacthomas",
		"lat": "52.2108",
		"lng": "-7.39529"
	},
	{
		"site_name": "N25 Midleton Bypass",
		"lat": "51.9061",
		"lng": "-8.27056"
	},
	{
		"site_name": "N25 New Ross",
		"lat": "52.3577",
		"lng": "-6.98331"
	},
	{
		"site_name": "N25 Waterford Bypass",
		"lat": "52.2762",
		"lng": "-7.15423"
	},
	{
		"site_name": "N25 Wexford",
		"lat": "52.2897",
		"lng": "-6.46337"
	},
	{
		"site_name": "N3 Butler's Bridge",
		"lat": "54.044",
		"lng": "-7.38097"
	},
	{
		"site_name": "N3 Cavan",
		"lat": "53.8944",
		"lng": "-7.15807"
	},
	{
		"site_name": "N3 Kells",
		"lat": "53.6989",
		"lng": "-6.78941"
	},
	{
		"site_name": "N4 Ballinalack",
		"lat": "53.625",
		"lng": "-7.464"
	},
	{
		"site_name": "N4 Carrick on Shannon",
		"lat": "53.9331",
		"lng": "-8.04361"
	},
	{
		"site_name": "N4 Collooney Bypass",
		"lat": "54.136",
		"lng": "-8.449"
	},
	{
		"site_name": "N4 Longford",
		"lat": "53.7408",
		"lng": "-7.78402"
	},
	{
		"site_name": "N4 Mullingar",
		"lat": "53.5089",
		"lng": "-7.2488"
	},
	{
		"site_name": "N40 Curraheen",
		"lat": "51.8764",
		"lng": "-8.56071"
	},
	{
		"site_name": "N5 Charlestown II",
		"lat": "53.9539",
		"lng": "-8.78667"
	},
	{
		"site_name": "N5 Westport",
		"lat": "53.8033",
		"lng": "-9.46973"
	},
	{
		"site_name": "N52 Fivealley",
		"lat": "53.1511",
		"lng": "-7.83974"
	},
	{
		"site_name": "N53 Deerpark",
		"lat": "54.0232",
		"lng": "-6.4731"
	},
	{
		"site_name": "N55 Granard",
		"lat": "53.7704",
		"lng": "-7.49601"
	},
	{
		"site_name": "N56 Ardara",
		"lat": "54.6944",
		"lng": "-8.40307"
	},
	{
		"site_name": "N56 Gweedore",
		"lat": "55.0453",
		"lng": "-8.17753"
	},
	{
		"site_name": "N59 Connemara",
		"lat": "53.4557",
		"lng": "-9.53675"
	},
	{
		"site_name": "N59 Crossmolina",
		"lat": "54.116",
		"lng": "-9.28691"
	},
	{
		"site_name": "N6 Kilbeggan",
		"lat": "53.3698",
		"lng": "-7.50347"
	},
	{
		"site_name": "N61 Elphin",
		"lat": "53.8513",
		"lng": "-8.22867"
	},
	{
		"site_name": "N63 Roscommon",
		"lat": "53.5747",
		"lng": "-8.24277"
	},
	{
		"site_name": "N67 Corkscrewhill",
		"lat": "53.0461",
		"lng": "-9.24111"
	},
	{
		"site_name": "N68 Kilrush",
		"lat": "52.6592",
		"lng": "-9.42169"
	},
	{
		"site_name": "N7 Naas",
		"lat": "53.2597",
		"lng": "-6.5459"
	},
	{
		"site_name": "N70 Waterville",
		"lat": "51.8489",
		"lng": "-10.1708"
	},
	{
		"site_name": "N71 Leap",
		"lat": "51.5892",
		"lng": "-9.11334"
	},
	{
		"site_name": "N72 Fermoy",
		"lat": "52.1461",
		"lng": "-8.42195"
	},
	{
		"site_name": "N8 Two Mile Borris",
		"lat": "52.6705",
		"lng": "-7.69464"
	},
	{
		"site_name": "N80 Killeigh",
		"lat": "53.2139",
		"lng": "-7.44937"
	},
	{
		"site_name": "N81 Baltinglass",
		"lat": "53.0199",
		"lng": "-6.64618"
	},
	{
		"site_name": "N81 Tallaght",
		"lat": "53.2712",
		"lng": "-6.43341"
	},
	{
		"site_name": "N84 Cloonboo",
		"lat": "53.4067",
		"lng": "-9.01694"
	},
	{
		"site_name": "Old N2 Annayella",
		"lat": "54.1889",
		"lng": "-6.82273"
	},
	{
		"site_name": "R113 Sandyford",
		"lat": "53.2668",
		"lng": "-6.2533"
	},
	{
		"site_name": "R445 Ballywilliam",
		"lat": "52.825",
		"lng": "-8.297"
	},
	{
		"site_name": "R445 Roscrea",
		"lat": "52.917",
		"lng": "-7.90001"
	},
	{
		"site_name": "R667 Mitchelstown",
		"lat": "52.222",
		"lng": "-8.27701"
	}
]